[
  {
    "id": "9ae914c1-4bb5-4408-a0cc-0dc05278e975",
    "data": [
      {
        "text": "Main course",
        "userDefined": false
      }
    ],
    "isTemplate": false,
    "count": 0,
    "lang": "en",
    "updated": 0
  },
  {
    "id": "767b8407-bf4f-47ca-92f3-cb141f2e2e56",
    "data": [
      {
        "text": "maincourse",
        "userDefined": false
      }
    ],
    "isTemplate": false,
    "count": 0,
    "lang": "en",
    "updated": 0
  },
  {
    "id": "ed377514-9577-4121-a6ca-e301b8e3994d",
    "data": [
      {
        "text": "main",
        "userDefined": false
      }
    ],
    "isTemplate": false,
    "count": 0,
    "lang": "en",
    "updated": 0
  }
]